{
  /*////// RGB (animated) XP BAR //////*/

  //(c) By @CrisXolt.

  /*////// Main Settings //////*/

  /* Texture Setting Up.
  // Minimum base size is [ 182, 5 ] per frame */
  "$xp_bar_base_size": [ 182, 200 ], /* Max Base size [ 182, 200 ] */
  "$empty_xp_bar_texture": "textures/rgb_xp/empty_xp_bar",
  "$fill_xp_bar_texture": "textures/rgb_xp/full_xp_bar",

  /* Total frames per cycle depending on the vertical base size about texture.
  // Valid values are from 1_frames to 40_frames.
  // If you want that has not animated, just leave the value "1_frames" */
  "$total_xp_bar_frames": "40_frames",
  "$total_xp_number_frames": "40_frames",

  /* Duration per frames, is recommended to use the same value for
  // both bar and number if their total frames is both the same. */
  "$duration_per_bar_frame": 0.05,
  "$duration_per_number_frame": 0.05,

  /* Misc */
  "$xp_bar_in_creative_mode": false,

  /*////// Text frame colors //////*/

  "$number_color_frame_01": [ 0.25, 1.0, 1.0 ], /* Light Blue */
  "$number_color_frame_02": [ 0.25, 1.0, 0.9 ],
  "$number_color_frame_03": [ 0.25, 1.0, 0.8 ],
  "$number_color_frame_04": [ 0.25, 1.0, 0.7 ],
  "$number_color_frame_05": [ 0.25, 1.0, 0.6 ],
  "$number_color_frame_06": [ 0.25, 1.0, 0.5 ],
  "$number_color_frame_07": [ 0.25, 1.0, 0.4 ],
  "$number_color_frame_08": [ 0.25, 1.0, 0.25 ], /* Green */
  "$number_color_frame_09": [ 0.375, 1.0, 0.25 ],
  "$number_color_frame_10": [ 0.5, 1.0, 0.25 ],
  "$number_color_frame_11": [ 0.625, 1.0, 0.25 ],
  "$number_color_frame_12": [ 0.75, 1.0, 0.25 ],
  "$number_color_frame_13": [ 0.875, 1.0, 0.25 ],
  "$number_color_frame_14": [ 1.0, 1.0, 0.25 ], /* Yellow */
  "$number_color_frame_15": [ 1.0, 0.9, 0.25 ],
  "$number_color_frame_16": [ 1.0, 0.8, 0.25 ],
  "$number_color_frame_17": [ 1.0, 0.7, 0.25 ],
  "$number_color_frame_18": [ 1.0, 0.6, 0.25 ],
  "$number_color_frame_19": [ 1.0, 0.5, 0.25 ],
  "$number_color_frame_20": [ 1.0, 0.4, 0.25 ],
  "$number_color_frame_21": [ 1.0, 0.25, 0.25 ], /* Red */
  "$number_color_frame_22": [ 1.0, 0.25, 0.4 ],
  "$number_color_frame_23": [ 1.0, 0.25, 0.5 ],
  "$number_color_frame_24": [ 1.0, 0.25, 0.6 ],
  "$number_color_frame_25": [ 1.0, 0.25, 0.7 ],
  "$number_color_frame_26": [ 1.0, 0.25, 0.8 ],
  "$number_color_frame_27": [ 1.0, 0.25, 0.9 ],
  "$number_color_frame_28": [ 1.0, 0.25, 1.0 ], /* Pink */
  "$number_color_frame_29": [ 0.875, 0.25, 1.0 ],
  "$number_color_frame_30": [ 0.75, 0.25, 1.0 ],
  "$number_color_frame_31": [ 0.625, 0.25, 1.0 ],
  "$number_color_frame_32": [ 0.5, 0.25, 1.0 ],
  "$number_color_frame_33": [ 0.375, 0.25, 1.0 ],
  "$number_color_frame_34": [ 0.25, 0.25, 1.0 ], /* Blue */
  "$number_color_frame_35": [ 0.25, 0.4, 1.0 ],
  "$number_color_frame_36": [ 0.25, 0.5, 1.0 ],
  "$number_color_frame_37": [ 0.25, 0.6, 1.0 ],
  "$number_color_frame_38": [ 0.25, 0.7, 1.0 ],
  "$number_color_frame_39": [ 0.25, 0.8, 1.0 ],
  "$number_color_frame_40": [ 0.25, 0.9, 1.0 ]
}