{
  "format_version": "1.8.0",
  "geometry.shield": {
    "texturewidth": 64,
    "textureheight": 64,
    "bones": [
      {
        "name": "shield",
        "pivot": [ 1.0, 15.5, 3.0 ],
        "cubes": [
          {
            "origin": [ 0.0, 25.0, 0.0 ],
            "size": [ 2.0, 6.0, 6.0 ],
            "uv": [ 26, 0 ]
          },
          {
            "origin": [ -5.0, 17.0, -1.0 ],
            "size": [ 10.0, 18.0, 1.0 ],
            "uv": [ 0, 0 ]
          }
        ]
      }
    ]
  }
}