{
  "format_version": "1.8.0",
  "minecraft:client_entity": {
    "description": {
      "identifier": "vscomod:lemur",
     "materials": {
				"default": "parrot"
			},
      "textures": {
        "blue": "textures/entity/momo",
        "green": "textures/entity/momo",
        "red_blue": "textures/entity/momo",
        "yellow_blue": "textures/entity/momo",
        "grey": "textures/entity/momo"
      },
      "geometry": {
        "default": "geometry.momo"
      },
      "scripts": {
        "pre_animation": [
          "variable.state = query.is_dancing ? 3 : (query.is_sitting ? 2 : (!query.is_on_ground && !query.is_jumping && !query.is_riding ? 0 : 1));",
          "variable.dance.x = Math.cos(query.life_time * 57.3 * 20.0);",
          "variable.dance.y = -Math.sin(query.life_time * 57.3 * 20.0);",
          "variable.wing_flap = ((math.sin(query.wing_flap_position * 57.3) + 1) * query.wing_flap_speed);"
        ]
      },
      "animations": {
        "moving": "animation.lemur.moving",
        "base": "animation.lemur.base",
        "dance": "animation.lemur.dance",
        "sitting": "animation.lemur.sitting",
        "flying": "animation.lemur.flying",
        "standing": "animation.lemur.standing",
        "look_at_target": "animation.common.look_at_target"
      },
      "animation_controllers": [
        { "setup": "controller.animation.lemur.setup" },
        { "move": "controller.animation.lemur.move" }
      ],
      "render_controllers": [ "controller.render.lemur" ],
    "spawn_egg": {
				"overlay_color": "#524e42",
				"base_color": "#fff0f1"
			}
    }
  }
}